time_s,T_1e8,T_1e9,T_1e10
0,1e-15,1e-15,1e-15
31557600,7.29395700053762e-16,9.68938250667639e-16,9.96849529255359e-16
63115200,5.32025410657973e-16,9.3884143009974e-16,9.93708984969277e-16
94672800,3.88069711713362e-16,9.09679562923362e-16,9.90578335865609e-16
126230400,2.83072939797633e-16,8.814236049462e-16,9.87457550766754e-16
157788000,2.06491587384724e-16,8.54045414229596e-16,9.84346598593346e-16
189345600,1.50635550762026e-16,8.2751772306016e-16,9.81245448363943e-16
220903200,1.09895909466917e-16,8.01814110792086e-16,9.78154069194718e-16
252460800,8.01816928269973e-17,7.76908977533119e-16,9.75072430299154e-16
284018400,5.85090751392693e-17,7.52777518647969e-16,9.72000500987734e-16
315576000,4.2701747517938e-17,7.29395700053762e-16,9.68938250667639e-16
347133600,3.11723785174599e-17,7.06740234282946e-16,9.65885648842439e-16
378691200,2.27632183650629e-17,6.84788557289789e-16,9.62842665111794e-16
410248800,1.66298406870886e-17,6.63518805977386e-16,9.59809269171148e-16
441806400,1.21563473704044e-17,6.42909796422787e-16,9.56785430811428e-16
473364000,8.89352164775522e-18,6.22941002778551e-16,9.53771119918743e-16
504921600,6.51371889792735e-18,6.03592536829732e-16,9.50766306474086e-16
536479200,4.77796541015299e-18,5.84845128185912e-16,9.47770960553032e-16
568036800,3.51196125475028e-18,5.66680105088572e-16,9.44785052325441e-16
599594400,2.58857752959238e-18,5.4907937581468e-16,9.41808552055163e-16
631152000,1.9150904006222e-18,5.32025410657973e-16,9.3884143009974e-16
662709600,1.42387001138377e-18,5.15501224469983e-16,9.3588365691011e-16
694267200,1.06558926565887e-18,4.99490359743431e-16,9.32935203030314e-16
725824800,8.04270526515736e-19,4.83976870221131e-16,9.29996039097203e-16
757382400,6.1367283394592e-19,4.68945305014074e-16,9.27066135840144e-16
788940000,4.74656854716661e-19,4.54380693212892e-16,9.24145464080731e-16
820497600,3.73262959436472e-19,4.40268528977358e-16,9.21233994732492e-16
852055200,2.99309432244209e-19,4.2659475708908e-16,9.183316988006e-16
883612800,2.4537004892075e-19,4.13345758952999e-16,9.15438547381585e-16
915170400,2.06028354429951e-19,4.00508339033748e-16,9.12554511663046e-16
946728000,1.77333756345174e-19,3.88069711713362e-16,9.09679562923362e-16
978285600,1.56404816453186e-19,3.76017488557258e-16,9.0681367253141e-16
1009843200,1.4113990409204e-19,3.64339665975783e-16,9.03956811946275e-16
1041400800,1.30006155770526e-19,3.5302461326907e-16,9.01108952716971e-16
1072958400,1.21885548933481e-19,3.42061061043263e-16,8.98270066482154e-16
1104516000,1.15962632993803e-19,3.31438089986603e-16,8.95440124969839e-16
1136073600,1.11642643868304e-19,3.21145119994176e-16,8.92619099997121e-16
1167631200,1.0849177928834e-19,3.11171899630503e-16,8.89806963469894e-16
1199188800,1.06193637484541e-19,3.01508495919468e-16,8.87003687382571e-16
1230746400,1.0451744492966e-19,2.92145284451426e-16,8.84209243817801e-16
1262304000,1.03294882650696e-19,2.83072939797633e-16,8.814236049462e-16
1293861600,1.02403184067741e-19,2.7428242622244e-16,8.78646743026064e-16
1325419200,1.0175280708775e-19,2.65764988684026e-16,8.75878630403099e-16
1356976800,1.01278442516371e-19,2.57512144114681e-16,8.73119239510143e-16
1388534400,1.00932455875543e-19,2.49515672971971e-16,8.70368542866893e-16
1420092000,1.00680104070931e-19,2.41767611052361e-16,8.67626513079632e-16
1451649600,1.00496046579177e-19,2.34260241559153e-16,8.6489312284095e-16
1483207200,1.00361800817302e-19,2.26986087416823e-16,8.62168344929482e-16
1514764800,1.00263886168951e-19,2.19937903824122e-16,8.59452152209629e-16
1546322400,1.00192470295349e-19,2.13108671038507e-16,8.56744517631291e-16
1577880000,1.00140381796966e-19,2.06491587384724e-16,8.54045414229596e-16
1609437600,1.00102390079901e-19,2.00080062480581e-16,8.51354815124636e-16
1640995200,1.00074680113011e-19,1.93867710673159e-16,8.4867269352119e-16
1672552800,1.00054469332232e-19,1.87848344678924e-16,8.4599902270847e-16
1704110400,1.00039728222604e-19,1.82015969421416e-16,8.43333776059842e-16
1735668000,1.00028976519568e-19,1.76364776060358e-16,8.4067692703257e-16
1767225600,1.0002113456458e-19,1.70889136206261e-16,8.38028449167547e-16
1798783200,1.00015414888559e-19,1.65583596314743e-16,8.35388316089035e-16
1830340800,1.00011243136257e-19,1.6044287225499e-16,8.32756501504398e-16
1861898400,1.00008200390966e-19,1.55461844046954e-16,8.30132979203843e-16
1893456000,1.00005981107981e-19,1.50635550762026e-16,8.2751772306016e-16
1925013600,1.00004362432576e-19,1.45959185582129e-16,8.24910707028459e-16
1956571200,1.00003181821501e-19,1.41428091012297e-16,8.22311905145911e-16
1988128800,1.00002320720811e-19,1.37037754241975e-16,8.19721291531492e-16
2019686400,1.00001692660975e-19,1.32783802650415e-16,8.17138840385723e-16
2051244000,1.00001234573828e-19,1.28661999451704e-16,8.14564525990413e-16
2082801600,1.0000090045943e-19,1.2466823947507e-16,8.11998322708405e-16
2114359200,1.00000656766867e-19,1.20798545076282e-16,8.09440204983316e-16
2145916800,1.00000479025155e-19,1.17049062176052e-16,8.06890147339291e-16
2177474400,1.00000349385924e-19,1.13416056421509e-16,8.04348124380738e-16
2209032000,1.00000254831135e-19,1.09895909466917e-16,8.01814110792086e-16
2240589600,1.00000185865838e-19,1.06485115369927e-16,7.99288081337524e-16
2272147200,1.00000135564713e-19,1.03180277099785e-16,7.96770010860757e-16
2303704800,1.0000009887665e-19,9.99781031540067e-17,7.9425987428475e-16
2335262400,1.00000072117527e-19,9.68754042801578e-17,7.91757646611481e-16
2366820000,1.00000052600263e-19,9.38690902994715e-17,7.89263302921692e-16
2398377600,1.00000038364982e-19,9.09561670291388e-17,7.86776818374638e-16
2429935200,1.00000027982214e-19,8.81337333002076e-17,7.84298168207845e-16
2461492800,1.0000002040935e-19,8.53989780681214e-17,7.81827327736858e-16
2493050400,1.0000001488594e-19,8.27491776130173e-17,7.79364272354999e-16
2524608000,1.00000010857337e-19,8.01816928269973e-17,7.76908977533119e-16
2556165600,1.00000007919001e-19,7.76939665856699e-17,7.74461418819355e-16
2587723200,1.00000005775871e-19,7.52835212013437e-17,7.72021571838888e-16
2619280800,1.00000004212739e-19,7.29479559553387e-17,7.69589412293698e-16
2650838400,1.0000000307264e-19,7.06849447069542e-17,7.67164915962323e-16
2682396000,1.00000002241087e-19,6.84922335767152e-17,7.64748058699617e-16
2713953600,1.00000001634579e-19,6.63676387015874e-17,7.62338816436512e-16
2745511200,1.0000000119221e-19,6.43090440599271e-17,7.59937165179773e-16
2777068800,1.00000000869561e-19,6.23143993639975e-17,7.57543081011767e-16
2808626400,1.0000000063423e-19,6.0381718017955e-17,7.55156540090217e-16
2840184000,1.00000000462588e-19,5.85090751392693e-17,7.52777518647969e-16
2871741600,1.00000000337397e-19,5.66946056416085e-17,7.50405992992754e-16
2903299200,1.00000000246087e-19,5.49365023772785e-17,7.48041939506953e-16
2934856800,1.00000000179488e-19,5.32330143373681e-17,7.45685334647361e-16
2966414400,1.00000000130913e-19,5.1582444907805e-17,7.43336154944951e-16
2997972000,1.00000000095484e-19,4.99831501795889e-17,7.40994377004644e-16
3029529600,1.00000000069643e-19,4.84335373115151e-17,7.38659977505072e-16
3061087200,1.00000000050795e-19,4.69320629437617e-17,7.36332933198349e-16
3092644800,1.00000000037049e-19,4.54772316607569e-17,7.34013220909838e-16
3124202400,1.00000000027022e-19,4.40675945017981e-17,7.31700817537919e-16
3155760000,1.00000000019709e-19,4.2701747517938e-17,7.29395700053762e-16
3187317600,1.00000000014375e-19,4.13783303737008e-17,7.27097845501095e-16
3218875200,1.00000000010485e-19,4.00960249922364e-17,7.24807230995977e-16
3250432800,1.00000000007647e-19,3.88535542425617e-17,7.22523833726568e-16
3281990400,1.00000000005578e-19,3.76496806675837e-17,7.20247630952903e-16
3313548000,1.00000000004068e-19,3.64832052516354e-17,7.17978600006669e-16
3345105600,1.00000000002967e-19,3.53529662262987e-17,7.15716718290973e-16
3376663200,1.00000000002164e-19,3.42578379133239e-17,7.13461963280121e-16
3408220800,1.00000000001578e-19,3.31967296034938e-17,7.11214312519391e-16
3439778400,1.00000000001151e-19,3.21685844703158e-17,7.08973743624814e-16
3471336000,1.0000000000084e-19,3.11723785174599e-17,7.06740234282946e-16
3502893600,1.00000000000612e-19,3.02071195588945e-17,7.04513762250648e-16
3534451200,1.00000000000447e-19,2.92718462307039e-17,7.02294305354866e-16
3566008800,1.00000000000326e-19,2.83656270336038e-17,7.00081841492406e-16
3597566400,1.00000000000238e-19,2.74875594052012e-17,6.97876348629718e-16
3629124000,1.00000000000173e-19,2.66367688210732e-17,6.95677804802675e-16
3660681600,1.00000000000126e-19,2.58124079237725e-17,6.93486188116355e-16
3692239200,1.00000000000092e-19,2.50136556788884e-17,6.91301476744819e-16
3723796800,1.00000000000067e-19,2.42397165573258e-17,6.89123648930901e-16
3755354400,1.00000000000049e-19,2.34898197429865e-17,6.86952682985984e-16
3786912000,1.00000000000036e-19,2.27632183650629e-17,6.84788557289789e-16
3818469600,1.00000000000026e-19,2.20591887541817e-17,6.82631250290157e-16
3850027200,1.00000000000019e-19,2.1377029721654e-17,6.80480740502836e-16
3881584800,1.00000000000014e-19,2.07160618611168e-17,6.78337006511266e-16
3913142400,1.0000000000001e-19,2.00756268718674e-17,6.76200026966365e-16
3944700000,1.00000000000007e-19,1.94550869032198e-17,6.74069780586319e-16
3976257600,1.00000000000005e-19,1.88538239192275e-17,6.71946246156367e-16
4007815200,1.00000000000004e-19,1.82712390831416e-17,6.69829402528592e-16
4039372800,1.00000000000003e-19,1.77067521609904e-17,6.67719228621709e-16
4070930400,1.00000000000002e-19,1.7159800943687e-17,6.65615703420857e-16
4102488000,1.00000000000002e-19,1.66298406870886e-17,6.63518805977386e-16
4134045600,1.00000000000001e-19,1.61163435694506e-17,6.61428515408653e-16
4165603200,1.00000000000001e-19,1.5618798165735e-17,6.5934481089781e-16
4197160800,1.00000000000001e-19,1.51367089382486e-17,6.572676716936e-16
4228718400,1e-19,1.46695957431056e-17,6.55197077110148e-16
4260276000,1e-19,1.42169933520203e-17,6.53133006526754e-16
4291833600,1e-19,1.37784509889569e-17,6.51075439387693e-16
4323391200,1e-19,1.33535318811722e-17,6.49024355202004e-16
4354948800,1e-19,1.2941812824205e-17,6.46979733543289e-16
4386506400,1e-19,1.25428837603801e-17,6.44941554049511e-16
4418064000,1e-19,1.21563473704044e-17,6.42909796422787e-16
4449621600,1e-19,1.17818186776518e-17,6.40884440429189e-16
4481179200,1e-19,1.14189246647392e-17,6.38865465898543e-16
4512736800,1e-19,1.10673039020149e-17,6.36852852724225e-16
4544294400,1e-19,1.07266061875872e-17,6.34846580862965e-16
4575852000,1e-19,1.03964921985358e-17,6.32846630334642e-16
4607409600,1e-19,1.00766331529577e-17,6.30852981222092e-16
4638967200,1e-19,9.76671048251255e-18,6.28865613670902e-16
4670524800,1e-19,9.4664155151395e-18,6.26884507889217e-16
4702082400,1e-19,9.17544916763074e-18,6.24909644147544e-16
4733640000,1e-19,8.89352164775522e-18,6.22941002778551e-16
4765197600,1e-19,8.62035216563575e-18,6.20978564176875e-16
4796755200,1e-19,8.35566865409217e-18,6.19022308798923e-16
4828312800,1e-19,8.09920749767208e-18,6.17072217162683e-16
4859870400,1e-19,7.85071327009909e-18,6.15128269847524e-16
4891428000,1e-19,7.60993847987724e-18,6.13190447494007e-16
4922985600,1e-19,7.37664332379823e-18,6.1125873080369e-16
4954543200,1e-19,7.15059544810584e-18,6.09333100538935e-16
4986100800,1e-19,6.93156971707979e-18,6.07413537522718e-16
5017658400,1e-19,6.71934798880847e-18,6.0550002263844e-16
5049216000,1e-19,6.51371889792735e-18,6.03592536829732e-16
5080773600,1e-19,6.31447764510642e-18,6.01691061100268e-16
5112331200,1e-19,6.12142579307736e-18,5.99795576513576e-16
5143888800,1e-19,5.93437106899696e-18,5.97906064192847e-16
5175446400,1e-19,5.75312717295019e-18,5.96022505320752e-16
5207004000,1e-19,5.577513592402e-18,5.94144881139248e-16
5238561600,1e-19,5.40735542241321e-18,5.92273172949396e-16
5270119200,1e-19,5.24248319144136e-18,5.90407362111174e-16
5301676800,1e-19,5.08273269255304e-18,5.8854743004329e-16
5333234400,1e-19,4.92794481987953e-18,5.86693358222998e-16
5364792000,1e-19,4.77796541015299e-18,5.84845128185912e-16
5396349600,1e-19,4.63264508916526e-18,5.83002721525825e-16
5427907200,1e-19,4.49183912299643e-18,5.81166119894523e-16
5459464800,1e-19,4.35540727386494e-18,5.79335305001605e-16
5491022400,1e-19,4.2232136604557e-18,5.77510258614295e-16
5522580000,1e-19,4.09512662258707e-18,5.7569096255727e-16
5554137600,1e-19,3.97101859008198e-18,5.73877398712469e-16
5585695200,1e-19,3.8507659557125e-18,5.7206954901892e-16
5617252800,1e-19,3.73424895209144e-18,5.70267395472556e-16
5648810400,1e-19,3.62135153238821e-18,5.68470920126037e-16
5680368000,1e-19,3.51196125475028e-18,5.66680105088572e-16
5711925600,1e-19,3.40596917031505e-18,5.64894932525739e-16
5743483200,1e-19,3.30326971470065e-18,5.63115384659308e-16
5775040800,1e-19,3.20376060286749e-18,5.61341443767067e-16
5806598400,1e-19,3.107342727246e-18,5.59573092182641e-16
5838156000,1e-19,3.01392005902896e-18,5.57810312295317e-16
5869713600,1e-19,2.92339955253022e-18,5.56053086549872e-16
5901271200,1e-19,2.83569105251442e-18,5.54301397446393e-16
5932828800,1e-19,2.75070720440562e-18,5.52555227540109e-16
5964386400,1e-19,2.66836336728518e-18,5.5081455944121e-16
5995944000,1e-19,2.58857752959238e-18,5.4907937581468e-16
6027501600,1e-19,2.51127022744382e-18,5.47349659380122e-16
6059059200,1e-19,2.43636446549017e-18,5.45625392911583e-16
6090616800,1e-19,2.36378564023156e-18,5.43906559237389e-16
6122174400,1e-19,2.29346146571503e-18,5.42193141239968e-16
6153732000,1e-19,2.22532190154038e-18,5.40485121855683e-16
6185289600,1e-19,2.15929908310231e-18,5.38782484074659e-16
6216847200,1e-19,2.09532725399972e-18,5.37085210940619e-16
6248404800,1e-19,2.0333427005446e-18,5.35393285550706e-16
6279962400,1e-19,1.97328368830551e-18,5.33706691055327e-16
6311520000,1e-19,1.9150904006222e-18,5.32025410657973e-16
6343077600,1e-19,1.85870487903034e-18,5.3034942761506e-16
6374635200,1e-19,1.80407096553694e-18,5.28678725235758e-16
6406192800,1e-19,1.751134246689e-18,5.27013286881828e-16
6437750400,1e-19,1.69984199937953e-18,5.25353095967453e-16
6469308000,1e-19,1.65014313833732e-18,5.23698135959075e-16
6500865600,1e-19,1.6019881652477e-18,5.22048390375229e-16
6532423200,1e-19,1.55532911945402e-18,5.2040384278638e-16
6563980800,1e-19,1.51011953019053e-18,5.18764476814761e-16
6595538400,1e-19,1.46631437029909e-18,5.17130276134203e-16
6627096000,1e-19,1.42387001138377e-18,5.15501224469983e-16
6658653600,1e-19,1.38274418035843e-18,5.13877305598651e-16
6690211200,1e-19,1.34289591734429e-18,5.12258503347877e-16
6721768800,1e-19,1.30428553487528e-18,5.10644801596285e-16
6753326400,1e-19,1.26687457837075e-18,5.09036184273295e-16
6784884000,1e-19,1.23062578783603e-18,5.07432635358962e-16
6816441600,1e-19,1.19550306075286e-18,5.05834138883815e-16
6847999200,1e-19,1.16147141612246e-18,5.042406789287e-16
6879556800,1e-19,1.12849695962575e-18,5.02652239624621e-16
6911114400,1e-19,1.09654684986578e-18,5.01068805152583e-16
6942672000,1e-19,1.06558926565887e-18,4.99490359743431e-16
6974229600,1e-19,1.03559337434183e-18,4.97916887677697e-16
7005787200,1e-19,1.00652930106367e-18,4.96348373285442e-16
7037344800,1e-19,9.7836809903139e-19,4.94784800946096e-16
7068902400,1e-19,9.51081720679899e-19,4.93226155088311e-16
7100460000,1e-19,9.24642989737691e-19,4.91672420189799e-16
7132017600,1e-19,8.99025574160212e-19,4.90123580777177e-16
7163575200,1e-19,8.74203959904075e-19,4.8857962142582e-16
7195132800,1e-19,8.50153425515975e-19,4.87040526759698e-16
7226690400,1e-19,8.26850017510985e-19,4.85506281451231e-16
7258248000,1e-19,8.04270526515736e-19,4.83976870221131e-16
7289805600,1e-19,7.82392464152698e-19,4.82452277838253e-16
7321363200,1e-19,7.61194040642543e-19,4.8093248911944e-16
7352920800,1e-19,7.406541431023e-19,4.79417488929378e-16
7384478400,1e-19,7.20752314517659e-19,4.77907262180436e-16
7416036000,1e-19,7.01468733368513e-19,4.76401793832525e-16
7447593600,1e-19,6.82784193887419e-19,4.74901068892942e-16
7479151200,1e-19,6.6468008693133e-19,4.73405072416223e-16
7510708800,1e-19,6.47138381447545e-19,4.71913789503995e-16
7542266400,1e-19,6.30141606515414e-19,4.70427205304824e-16
7573824000,1e-19,6.1367283394592e-19,4.68945305014074e-16
7605381600,1e-19,5.97715661421796e-19,4.67468073873751e-16
7636939200,1e-19,5.82254196161396e-19,4.65995497172362e-16
7668496800,1e-19,5.67273039090044e-19,4.64527560244768e-16
7700054400,1e-19,5.52757269503099e-19,4.63064248472035e-16
7731612000,1e-19,5.3869243020546e-19,4.6160554728129e-16
7763169600,1e-19,5.25064513112704e-19,4.60151442145578e-16
7794727200,1e-19,5.11859945299534e-19,4.58701918583712e-16
7826284800,1e-19,4.99065575481618e-19,4.57256962160136e-16
7857842400,1e-19,4.86668660917377e-19,4.55816558484774e-16
7889400000,1e-19,4.74656854716661e-19,4.54380693212892e-16
7920957600,1e-19,4.63018193543684e-19,4.52949352044953e-16
7952515200,1e-19,4.5174108570196e-19,4.51522520726474e-16
7984072800,1e-19,4.40814299589381e-19,4.50100185047885e-16
8015630400,1e-19,4.30226952511944e-19,4.48682330844389e-16
8047188000,1e-19,4.19968499844962e-19,4.47268943995816e-16
8078745600,1e-19,4.10028724530994e-19,4.45860010426488e-16
8110303200,1e-19,4.00397726904018e-19,4.44455516105077e-16
8141860800,1e-19,3.91065914829707e-19,4.43055447044462e-16
8173418400,1e-19,3.82023994152005e-19,4.41659789301595e-16
8204976000,1e-19,3.73262959436472e-19,4.40268528977358e-16
8236533600,1e-19,3.64774085001194e-19,4.38881652216427e-16
8268091200,1e-19,3.56548916226303e-19,4.37499145207133e-16
8299648800,1e-19,3.48579261133484e-19,4.36120994181325e-16
8331206400,1e-19,3.40857182227041e-19,4.34747185414231e-16
8362764000,1e-19,3.33374988588442e-19,4.33377705224324e-16
8394321600,1e-19,3.26125228216428e-19,4.32012539973185e-16
8425879200,1e-19,3.19100680605085e-19,4.30651676065365e-16
8457436800,1e-19,3.12294349552475e-19,4.29295099948253e-16
8488994400,1e-19,3.05699456192664e-19,4.27942798111939e-16
8520552000,1e-19,2.99309432244209e-19,4.2659475708908e-16
8552109600,1e-19,2.93117913468387e-19,4.25250963454765e-16
8583667200,1e-19,2.87118733330629e-19,4.23911403826382e-16
8615224800,1e-19,2.81305916858877e-19,4.22576064863486e-16
8646782400,1e-19,2.75673674692716e-19,4.21244933267663e-16
8678340000,1e-19,2.70216397317378e-19,4.19917995782401e-16
8709897600,1e-19,2.64928649476864e-19,4.18595239192956e-16
8741455200,1e-19,2.59805164760617e-19,4.17276650326221e-16
8773012800,1e-19,2.54840840358366e-19,4.15962216050593e-16
8804570400,1e-19,2.50030731977904e-19,4.14651923275847e-16
8836128000,1e-19,2.4537004892075e-19,4.13345758952999e-16
8867685600,1e-19,2.4085414931078e-19,4.12043710074183e-16
8899243200,1e-19,2.36478535471081e-19,4.10745763672516e-16
8930800800,1e-19,2.32238849444428e-19,4.0945190682197e-16
8962358400,1e-19,2.28130868652906e-19,4.08162126637246e-16
8993916000,1e-19,2.24150501692376e-19,4.06876410273643e-16
9025473600,1e-19,2.20293784257577e-19,4.05594744926931e-16
9057031200,1e-19,2.16556875193821e-19,4.04317117833224e-16
9088588800,1e-19,2.12936052671335e-19,4.03043516268851e-16
9120146400,1e-19,2.09427710478452e-19,4.01773927550231e-16
9151704000,1e-19,2.06028354429951e-19,4.00508339033748e-16
9183261600,1e-19,2.02734598886971e-19,3.9924673811562e-16
9214819200,1e-19,1.99543163385033e-19,3.9798911223178e-16
9246376800,1e-19,1.96450869366815e-19,3.96735448857745e-16
9277934400,1e-19,1.9345463701642e-19,3.95485735508496e-16
9309492000,1e-19,1.90551482191986e-19,3.94239959738352e-16
9341049600,1e-19,1.87738513453591e-19,3.92998109140842e-16
9372607200,1e-19,1.85012929183475e-19,3.9176017134859e-16
9404164800,1e-19,1.82372014795729e-19,3.90526134033184e-16
9435722400,1e-19,1.79813140032666e-19,3.89295984905057e-16
9467280000,1e-19,1.77333756345174e-19,3.88069711713362e-16
9498837600,1e-19,1.74931394354451e-19,3.86847302245856e-16
9530395200,1e-19,1.72603661392593e-19,3.8562874432877e-16
9561952800,1e-19,1.70348239119577e-19,3.84414025826694e-16
9593510400,1e-19,1.68162881214281e-19,3.83203134642454e-16
9625068000,1e-19,1.66045411137224e-19,3.8199605871699e-16
9656625600,1e-19,1.6399371996281e-19,3.8079278602924e-16
9688183200,1e-19,1.62005764278911e-19,3.79593304596015e-16
9719740800,1e-19,1.60079564151705e-19,3.78397602471886e-16
9751298400,1e-19,1.58213201153728e-19,3.77205667749059e-16
9782856000,1e-19,1.56404816453186e-19,3.76017488557258e-16
9814413600,1e-19,1.5465260896263e-19,3.7483305306361e-16
9845971200,1e-19,1.52954833545132e-19,3.73652349472524e-16
9877528800,1e-19,1.51309799276189e-19,3.72475366025574e-16
9909086400,1e-19,1.49715867759627e-19,3.71302091001384e-16
9940644000,1e-19,1.4817145149581e-19,3.70132512715506e-16
9972201600,1e-19,1.46675012300552e-19,3.6896661952031e-16
10003759200,1e-19,1.45225059773134e-19,3.67804399804865e-16
10035316800,1e-19,1.43820149811924e-19,3.66645841994823e-16
10066874400,1e-19,1.42458883176096e-19,3.65490934552305e-16
10098432000,1e-19,1.4113990409204e-19,3.64339665975783e-16
10129989600,1e-19,1.39861898903056e-19,3.63192024799971e-16
10161547200,1e-19,1.38623594761004e-19,3.62047999595706e-16
10193104800,1e-19,1.37423758358582e-19,3.60907578969836e-16
10224662400,1e-19,1.36261194701007e-19,3.59770751565107e-16
10256220000,1e-19,1.35134745915834e-19,3.58637506060047e-16
10287777600,1e-19,1.34043290099759e-19,3.5750783116886e-16
10319335200,1e-19,1.32985740201241e-19,3.56381715641304e-16
10350892800,1e-19,1.31961042937842e-19,3.55259148262588e-16
10382450400,1e-19,1.30968177747186e-19,3.54140117853254e-16
10414008000,1e-19,1.30006155770526e-19,3.5302461326907e-16
10445565600,1e-19,1.29074018867864e-19,3.51912623400915e-16
10477123200,1e-19,1.28170838663685e-19,3.50804137174673e-16
10508680800,1e-19,1.27295715622327e-19,3.49699143551117e-16
10540238400,1e-19,1.26447778152072e-19,3.48597631525805e-16
10571796000,1e-19,1.25626181737073e-19,3.47499590128967e-16
10603353600,1e-19,1.24830108096246e-19,3.46405008425395e-16
10634911200,1e-19,1.24058764368293e-19,3.45313875514337e-16
10666468800,1e-19,1.23311382322034e-19,3.44226180529387e-16
10698026400,1e-19,1.22587217591283e-19,3.43141912638375e-16
10729584000,1e-19,1.21885548933481e-19,3.42061061043263e-16
10761141600,1e-19,1.21205677511366e-19,3.40983614980033e-16
10792699200,1e-19,1.20546926196954e-19,3.39909563718585e-16
10824256800,1e-19,1.19908638897143e-19,3.38838896562625e-16
10855814400,1e-19,1.19290179900272e-19,3.37771602849562e-16
10887372000,1e-19,1.18690933242968e-19,3.36707671950398e-16
10918929600,1e-19,1.18110302096672e-19,3.35647093269629e-16
10950487200,1e-19,1.1754770817322e-19,3.34589856245131e-16
10982044800,1e-19,1.17002591148883e-19,3.33535950348062e-16
11013602400,1e-19,1.16474408106312e-19,3.32485365082752e-16
11045160000,1e-19,1.15962632993803e-19,3.31438089986603e-16
11076717600,1e-19,1.15466756101376e-19,3.30394114629979e-16
11108275200,1e-19,1.14986283553116e-19,3.29353428616109e-16
11139832800,1e-19,1.14520736815291e-19,3.28316021580978e-16
11171390400,1e-19,1.14069652219754e-19,3.27281883193226e-16
11202948000,1e-19,1.13632580502139e-19,3.26251003154045e-16
11234505600,1e-19,1.13209086354413e-19,3.25223371197078e-16
11266063200,1e-19,1.12798747991327e-19,3.24198977088312e-16
11297620800,1e-19,1.12401156730326e-19,3.23177810625981e-16
11329178400,1e-19,1.12015916584523e-19,3.22159861640462e-16
11360736000,1e-19,1.11642643868304e-19,3.21145119994176e-16
11392293600,1e-19,1.11280966815195e-19,3.20133575581484e-16
11423851200,1e-19,1.10930525207594e-19,3.19125218328586e-16
11455408800,1e-19,1.10590970018006e-19,3.18120038193426e-16
11486966400,1e-19,1.10261963061425e-19,3.17118025165585e-16
11518524000,1e-19,1.09943176658512e-19,3.16119169266187e-16
11550081600,1e-19,1.09634293309243e-19,3.15123460547797e-16
11581639200,1e-19,1.09335005376684e-19,3.1413088909432e-16
11613196800,1e-19,1.09045014780597e-19,3.13141445020908e-16
11644754400,1e-19,1.08764032700567e-19,3.12155118473855e-16
11676312000,1e-19,1.0849177928834e-19,3.11171899630503e-16
11707869600,1e-19,1.0822798338911e-19,3.10191778699144e-16
11739427200,1e-19,1.07972382271455e-19,3.09214745918921e-16
11770984800,1e-19,1.07724721365667e-19,3.08240791559731e-16
11802542400,1e-19,1.07484754010208e-19,3.07269905922127e-16
11834100000,1e-19,1.07252241206049e-19,3.06302079337227e-16
11865657600,1e-19,1.07026951378626e-19,3.0533730216661e-16
11897215200,1e-19,1.06808660147209e-19,3.04375564802225e-16
11928772800,1e-19,1.06597150101423e-19,3.03416857666293e-16
11960330400,1e-19,1.06392210584713e-19,3.02461171211213e-16
11991888000,1e-19,1.06193637484541e-19,3.01508495919468e-16
12023445600,1e-19,1.06001233029095e-19,3.00558822303526e-16
12055003200,1e-19,1.05814805590316e-19,2.9961214090575e-16
12086560800,1e-19,1.05634169493043e-19,2.98668442298301e-16
12118118400,1e-19,1.05459144830088e-19,2.97727717083045e-16
12149676000,1e-19,1.05289557283052e-19,2.96789955891462e-16
12181233600,1e-19,1.05125237948713e-19,2.95855149384546e-16
12212791200,1e-19,1.04966023170804e-19,2.9492328825272e-16
12244348800,1e-19,1.04811754377014e-19,2.93994363215738e-16
12275906400,1e-19,1.04662277921061e-19,2.93068365022592e-16
12307464000,1e-19,1.0451744492966e-19,2.92145284451426e-16
12339021600,1e-19,1.04377111154255e-19,2.91225112309438e-16
12370579200,1e-19,1.04241136827349e-19,2.90307839432789e-16
12402136800,1e-19,1.04109386523303e-19,2.89393456686516e-16
12433694400,1e-19,1.03981729023456e-19,2.88481954964437e-16
12465252000,1e-19,1.03858037185437e-19,2.87573325189062e-16
12496809600,1e-19,1.03738187816531e-19,2.86667558311501e-16
12528367200,1e-19,1.0362206155099e-19,2.85764645311378e-16
12559924800,1e-19,1.03509542731145e-19,2.84864577196735e-16
12591482400,1e-19,1.03400519292215e-19,2.83967345003947e-16
12623040000,1e-19,1.03294882650696e-19,2.83072939797633e-16
