slip_m,kstar_m2
0,9.99999999999425e-20
0.01,1.00491712342068e-17
0.02,1.98993465605754e-17
0.03,2.96515110048466e-17
0.04,3.93066397915921e-17
0.05,4.8865698441736e-17
0.06,5.83296428691096e-17
0.07,6.76994194760423e-17
0.08,7.69759652480029e-17
0.09,8.61602078472989e-17
0.1,9.52530657058441e-17
0.11,1.04255448117001e-16
0.12,1.13168255326514e-16
0.13,1.21992378622531e-16
0.14,1.30728700424734e-16
0.15,1.39378094372585e-16
0.16,1.47941425412685e-16
0.17,1.56419549885276e-16
0.18,1.64813315609869e-16
0.19,1.73123561970032e-16
0.2,1.81351119997326e-16
0.21,1.8949681245441e-16
0.22,1.97561453917318e-16
0.23,2.05545850856916e-16
0.24,2.13450801719553e-16
0.25,2.21277097006902e-16
0.26,2.29025519355014e-16
0.27,2.3669684361258e-16
0.28,2.4429183691842e-16
0.29,2.51811258778193e-16
0.3,2.5925586114035e-16
0.31,2.66626388471333e-16
0.32,2.73923577830016e-16
0.33,2.81148158941417e-16
0.34,2.88300854269667e-16
0.35,2.95382379090258e-16
0.36,3.02393441561576e-16
0.37,3.09334742795709e-16
0.38,3.16206976928565e-16
0.39,3.23010831189285e-16
0.4,3.29746985968964e-16
0.41,3.36416114888694e-16
0.42,3.43018884866925e-16
0.43,3.49555956186156e-16
0.44,3.56027982558967e-16
0.45,3.62435611193389e-16
0.46,3.68779482857625e-16
0.47,3.75060231944127e-16
0.48,3.8127848653304e-16
0.49,3.87434868455002e-16
0.5,3.93529993353338e-16
0.51,3.99564470745615e-16
0.52,4.05538904084603e-16
0.53,4.11453890818613e-16
0.54,4.17310022451248e-16
0.55,4.23107884600551e-16
0.56,4.2884805705757e-16
0.57,4.34531113844333e-16
0.58,4.40157623271254e-16
0.59,4.45728147993966e-16
0.6,4.51243245069583e-16
0.61,4.56703466012408e-16
0.62,4.62109356849085e-16
0.63,4.67461458173203e-16
0.64,4.72760305199356e-16
0.65,4.7800642781666e-16
0.66,4.8320035064175e-16
0.67,4.88342593071236e-16
0.68,4.93433669333647e-16
0.69,4.98474088540851e-16
0.7,5.0346435473897e-16
0.71,5.08404966958781e-16
0.72,5.13296419265624e-16
0.73,5.18139200808807e-16
0.74,5.22933795870518e-16
0.75,5.27680683914259e-16
0.76,5.32380339632792e-16
0.77,5.37033232995603e-16
0.78,5.41639829295907e-16
0.79,5.46200589197172e-16
0.8,5.5071596877919e-16
0.81,5.55186419583681e-16
0.82,5.59612388659451e-16
0.83,5.63994318607097e-16
0.84,5.68332647623263e-16
0.85,5.72627809544468e-16
0.86,5.76880233890483e-16
0.87,5.81090345907286e-16
0.88,5.85258566609587e-16
0.89,5.8938531282293e-16
0.9,5.93470997225375e-16
0.91,5.97516028388767e-16
0.92,6.01520810819594e-16
0.93,6.05485744999436e-16
0.94,6.09411227425015e-16
0.95,6.13297650647844e-16
0.96,6.17145403313485e-16
0.97,6.20954870200412e-16
0.98,6.24726432258486e-16
0.99,6.28460466647056e-16
1,6.32157346772675e-16
1.01,6.35817442326434e-16
1.02,6.39441119320939e-16
1.03,6.4302874012691e-16
1.04,6.46580663509416e-16
1.05,6.50097244663756e-16
1.06,6.53578835250976e-16
1.07,6.57025783433035e-16
1.08,6.60438433907625e-16
1.09,6.63817127942637e-16
1.1,6.6716220341029e-16
1.11,6.70473994820919e-16
1.12,6.73752833356423e-16
1.13,6.76999046903389e-16
1.14,6.80212960085878e-16
1.15,6.83394894297885e-16
1.16,6.86545167735483e-16
1.17,6.89664095428642e-16
1.18,6.92751989272729e-16
1.19,6.95809158059703e-16
1.2,6.98835907508989e-16
1.21,7.01832540298056e-16
1.22,7.04799356092678e-16
1.23,7.07736651576909e-16
1.24,7.10644720482743e-16
1.25,7.13523853619496e-16
1.26,7.1637433890288e-16
1.27,7.19196461383798e-16
1.28,7.21990503276851e-16
1.29,7.24756743988557e-16
1.3,7.27495460145291e-16
1.31,7.30206925620952e-16
1.32,7.32891411564346e-16
1.33,7.35549186426306e-16
1.34,7.38180515986532e-16
1.35,7.40785663380173e-16
1.36,7.4336488912414e-16
1.37,7.45918451143155e-16
1.38,7.4844660479555e-16
1.39,7.50949602898795e-16
1.4,7.53427695754788e-16
1.41,7.55881131174878e-16
1.42,7.58310154504653e-16
1.43,7.6071500864847e-16
1.44,7.63095934093746e-16
1.45,7.65453168935012e-16
1.46,7.67786948897714e-16
1.47,7.70097507361795e-16
1.48,7.72385075385026e-16
1.49,7.74649881726115e-16
1.5,7.76892152867585e-16
1.51,7.79112113038418e-16
1.52,7.81309984236481e-16
1.53,7.83485986250725e-16
1.54,7.85640336683165e-16
1.55,7.8777325097064e-16
1.56,7.89884942406355e-16
1.57,7.91975622161215e-16
1.58,7.94045499304937e-16
1.59,7.9609478082696e-16
1.6,7.98123671657144e-16
1.61,8.00132374686263e-16
1.62,8.02121090786294e-16
1.63,8.04090018830503e-16
1.64,8.06039355713337e-16
1.65,8.07969296370108e-16
1.66,8.0988003379649e-16
1.67,8.11771759067817e-16
1.68,8.13644661358194e-16
1.69,8.1549892795941e-16
1.7,8.17334744299671e-16
1.71,8.1915229396214e-16
1.72,8.20951758703298e-16
1.73,8.22733318471119e-16
1.74,8.24497151423065e-16
1.75,8.262434339439e-16
1.76,8.27972340663332e-16
1.77,8.29684044473473e-16
1.78,8.31378716546131e-16
1.79,8.33056526349926e-16
1.8,8.34717641667236e-16
1.81,8.36362228610976e-16
1.82,8.37990451641213e-16
1.83,8.39602473581605e-16
1.84,8.4119845563569e-16
1.85,8.42778557403004e-16
1.86,8.4434293689504e-16
1.87,8.4589175055105e-16
1.88,8.47425153253692e-16
1.89,8.48943298344513e-16
1.9,8.50446337639287e-16
1.91,8.51934421443197e-16
1.92,8.53407698565863e-16
1.93,8.54866316336225e-16
1.94,8.56310420617275e-16
1.95,8.57740155820645e-16
1.96,8.59155664921047e-16
1.97,8.60557089470571e-16
1.98,8.61944569612838e-16
1.99,8.63318244097021e-16
2,8.64678250291711e-16
2.01,8.66024724198662e-16
2.02,8.67357800466386e-16
2.03,8.68677612403622e-16
2.04,8.69984291992662e-16
2.05,8.71277969902555e-16
2.06,8.72558775502169e-16
2.07,8.73826836873132e-16
2.08,8.75082280822638e-16
2.09,8.76325232896127e-16
2.1,8.77555817389843e-16
2.11,8.78774157363262e-16
2.12,8.79980374651394e-16
2.13,8.81174589876976e-16
2.14,8.82356922462523e-16
2.15,8.8352749064228e-16
2.16,8.84686411474041e-16
2.17,8.85833800850855e-16
2.18,8.86969773512614e-16
2.19,8.88094443057533e-16
2.2,8.89207921953502e-16
2.21,8.9031032154934e-16
2.22,8.91401752085925e-16
2.23,8.92482322707219e-16
2.24,8.93552141471185e-16
2.25,8.94611315360592e-16
2.26,8.95659950293711e-16
2.27,8.96698151134908e-16
2.28,8.97726021705134e-16
2.29,8.98743664792302e-16
2.3,8.99751182161569e-16
2.31,9.0074867456551e-16
2.32,9.01736241754199e-16
2.33,9.02713982485176e-16
2.34,9.0368199453333e-16
2.35,9.04640374700672e-16
2.36,9.05589218826017e-16
2.37,9.06528621794569e-16
2.38,9.07458677547408e-16
2.39,9.08379479090883e-16
2.4,9.09291118505916e-16
2.41,9.1019368695721e-16
2.42,9.1108727470236e-16
2.43,9.11971971100886e-16
2.44,9.12847864623165e-16
2.45,9.13715042859279e-16
2.46,9.14573592527776e-16
2.47,9.15423599484336e-16
2.48,9.16265148730363e-16
2.49,9.17098324421485e-16
2.5,9.17923209875964e-16
2.51,9.18739887583032e-16
2.52,9.19548439211143e-16
2.53,9.20348945616131e-16
2.54,9.21141486849304e-16
2.55,9.21926142165447e-16
2.56,9.22702990030745e-16
2.57,9.23472108130631e-16
2.58,9.24233573377557e-16
2.59,9.24987461918682e-16
2.6,9.25733849143488e-16
2.61,9.26472809691319e-16
2.62,9.27204417458847e-16
2.63,9.27928745607458e-16
2.64,9.2864586657057e-16
2.65,9.29355852060877e-16
2.66,9.30058773077519e-16
2.67,9.30754699913185e-16
2.68,9.31443702161138e-16
2.69,9.32125848722176e-16
2.7,9.32801207811524e-16
2.71,9.33469846965655e-16
2.72,9.3413183304904e-16
2.73,9.34787232260839e-16
2.74,9.35436110141521e-16
2.75,9.36078531579413e-16
2.76,9.36714560817195e-16
2.77,9.37344261458321e-16
2.78,9.3796769647338e-16
2.79,9.38584928206391e-16
2.8,9.39196018381045e-16
2.81,9.39801028106866e-16
2.82,9.40400017885332e-16
2.83,9.40993047615919e-16
2.84,9.41580176602096e-16
2.85,9.42161463557249e-16
2.86,9.42736966610559e-16
2.87,9.43306743312811e-16
2.88,9.4387085064215e-16
2.89,9.44429345009778e-16
2.9,9.44982282265598e-16
2.91,9.45529717703797e-16
2.92,9.46071706068374e-16
2.93,9.46608301558617e-16
2.94,9.47139557834523e-16
2.95,9.47665528022163e-16
2.96,9.48186264718992e-16
2.97,9.48701819999114e-16
2.98,9.49212245418488e-16
2.99,9.49717592020081e-16
3,9.50217910338973e-16
3.01,9.50713250407414e-16
3.02,9.51203661759823e-16
3.03,9.51689193437745e-16
3.04,9.52169893994751e-16
3.05,9.52645811501298e-16
3.06,9.53116993549534e-16
3.07,9.53583487258055e-16
3.08,9.54045339276621e-16
3.09,9.54502595790819e-16
3.1,9.54955302526682e-16
3.11,9.5540350475526e-16
3.12,9.55847247297149e-16
3.13,9.56286574526974e-16
3.14,9.56721530377824e-16
3.15,9.57152158345647e-16
3.16,9.57578501493597e-16
3.17,9.58000602456345e-16
3.18,9.58418503444339e-16
3.19,9.58832246248026e-16
3.2,9.59241872242032e-16
3.21,9.59647422389296e-16
3.22,9.60048937245172e-16
3.23,9.6044645696148e-16
3.24,9.60840021290523e-16
3.25,9.61229669589061e-16
3.26,9.6161544082225e-16
3.27,9.61997373567533e-16
3.28,9.62375506018505e-16
3.29,9.62749875988724e-16
3.3,9.631205209155e-16
3.31,9.63487477863635e-16
3.32,9.63850783529129e-16
3.33,9.64210474242852e-16
3.34,9.64566585974174e-16
3.35,9.64919154334565e-16
3.36,9.65268214581156e-16
3.37,9.65613801620262e-16
3.38,9.65955950010874e-16
3.39,9.66294693968118e-16
3.4,9.6663006736667e-16
3.41,9.66962103744151e-16
3.42,9.67290836304474e-16
3.43,9.6761629792117e-16
3.44,9.67938521140672e-16
3.45,9.6825753818557e-16
3.46,9.68573380957834e-16
3.47,9.68886081042005e-16
3.48,9.69195669708352e-16
3.49,9.69502177916e-16
3.5,9.69805636316024e-16
3.51,9.70106075254518e-16
3.52,9.70403524775625e-16
3.53,9.70698014624546e-16
3.54,9.70989574250511e-16
3.55,9.71278232809726e-16
3.56,9.71564019168287e-16
3.57,9.71846961905068e-16
3.58,9.72127089314578e-16
3.59,9.72404429409793e-16
3.6,9.72679009924952e-16
3.61,9.72950858318336e-16
3.62,9.73220001775011e-16
3.63,9.73486467209547e-16
3.64,9.73750281268709e-16
3.65,9.74011470334123e-16
3.66,9.74270060524913e-16
3.67,9.74526077700314e-16
3.68,9.74779547462256e-16
3.69,9.75030495157928e-16
3.7,9.75278945882308e-16
3.71,9.75524924480675e-16
3.72,9.75768455551093e-16
3.73,9.76009563446875e-16
3.74,9.76248272279008e-16
3.75,9.76484605918577e-16
3.76,9.76718587999141e-16
3.77,9.76950241919103e-16
3.78,9.7717959084405e-16
3.79,9.77406657709063e-16
3.8,9.7763146522102e-16
3.81,9.77854035860858e-16
3.82,9.78074391885828e-16
3.83,9.78292555331715e-16
3.84,9.78508548015045e-16
3.85,9.78722391535267e-16
3.86,9.78934107276911e-16
3.87,9.79143716411728e-16
3.88,9.79351239900806e-16
3.89,9.79556698496666e-16
3.9,9.7976011274534e-16
3.91,9.79961502988422e-16
3.92,9.80160889365104e-16
3.93,9.8035829181419e-16
3.94,9.80553730076089e-16
3.95,9.80747223694791e-16
3.96,9.80938792019818e-16
3.97,9.81128454208162e-16
3.98,9.81316229226201e-16
3.99,9.81502135851593e-16
4,9.81686192675155e-16
