effective_pa,kstar_1e15,kstar_1e16,kstar_1e17,kstar_1e18
0,1e-15,1e-16,1e-17,1e-18
1000000,9.67219378871958e-16,9.67248884381524e-17,9.67543939477186e-18,9.70494490433805e-19
2000000,9.35513434333115e-16,9.35571478046586e-17,9.36151915181302e-18,9.41956286528456e-19
3000000,9.04846934294156e-16,9.04932580617924e-17,9.057890438556e-18,9.14353676232364e-19
4000000,8.75185801711043e-16,8.75298145723905e-17,8.76421585852518e-18,8.87655987138653e-19
5000000,8.46497076718125e-16,8.46635243165723e-17,8.48016907641708e-18,8.61833552401553e-19
6000000,8.18748880002674e-16,8.18912022324904e-17,8.20543445547202e-18,8.36857677770184e-19
7000000,7.91910377380148e-16,7.92097676770445e-17,7.93970670673414e-18,8.12700609703103e-19
8000000,7.65951745530812e-16,7.66162410026284e-17,7.68269054981002e-18,7.89335504528184e-19
9000000,7.4084413885965e-16,7.41077402461036e-17,7.43410038474901e-18,7.66736398613546e-19
10000000,7.16559657442732e-16,7.16814779263216e-17,7.19365997468051e-18,7.4487817951641e-19
11000000,6.93071316024433e-16,6.93347579466355e-17,6.96110213885577e-18,7.23736558077797e-19
12000000,6.70353014031036e-16,6.70649725989604e-17,6.73616845575283e-18,7.03288041432075e-19
13000000,6.4837950656741e-16,6.48695996660508e-17,6.51860897591495e-18,6.83509906901359e-19
14000000,6.27126376364529e-16,6.27461996187783e-17,6.30818194420326e-18,6.64380176745751e-19
15000000,6.06570006646662e-16,6.06924129052921e-17,6.10465353115507e-18,6.4587759374137e-19
16000000,5.86687554888081e-16,5.87059573290522e-17,5.90779757314932e-18,6.27981597559029e-19
17000000,5.67456927430124e-16,5.67846255128207e-17,5.71739532109034e-18,6.10672301917304e-19
18000000,5.48856754930417e-16,5.49262824457932e-17,5.53323519733086e-18,5.93930472484624e-19
19000000,5.30866368616958e-16,5.31288631111452e-17,5.35511256056394e-18,5.77737505505813e-19
20000000,5.13465777320689e-16,5.13903701913559e-17,5.18282947842266e-18,5.62075407129333e-19
21000000,4.96635645261031e-16,4.97088718487618e-17,5.01619450753496e-18,5.46926773412269e-19
22000000,4.80357270559691e-16,4.8082499578871e-17,4.85502248078901e-18,5.3227477098082e-19
23000000,4.64612564458875e-16,4.65094461340551e-17,4.69913430157302e-18,5.1810311832482e-19
24000000,4.4938403122081e-16,4.49879635153104e-17,4.54835674476049e-18,5.04396067705499e-19
25000000,4.34654748686228e-16,4.35163610298571e-17,4.40252226422008e-18,4.9113838765637e-19
26000000,4.20408349470231e-16,4.20930034124173e-17,4.26146880663595e-18,4.78315346057814e-19
27000000,4.06629002774625e-16,4.07163090080858e-17,4.12503963143193e-18,4.65912693766539e-19
28000000,3.93301396796511e-16,3.9384748014773e-17,3.99308313659912e-18,4.53916648781738e-19
29000000,3.804107217136e-16,3.80968407832669e-17,3.86545269023366e-18,4.42313880930333e-19
30000000,3.67942653227325e-16,3.68511561730271e-17,3.74200646759728e-18,4.31091497054298e-19
31000000,3.55883336645488e-16,3.56463099618805e-17,3.62260729351969e-18,4.20237026683608e-19
32000000,3.44219371486726e-16,3.44809633078547e-17,3.50712248996758e-18,4.09738408178871e-19
33000000,3.3293779658971e-16,3.33538212614381e-17,3.39542372861099e-18,3.99583975328272e-19
34000000,3.22026075710522e-16,3.22636313266138e-17,3.28738688822299e-18,3.89762444383908e-19
35000000,3.11472083592206e-16,3.12091820690683e-17,3.18289191675452e-18,3.80262901523138e-19
36000000,3.01264092491011e-16,3.0189301770029e-17,3.0818226979308e-18,3.71074790720982e-19
37000000,2.91390759144358e-16,2.92028571242338e-17,2.98406692222136e-18,3.62187902020124e-19
38000000,2.81841112166049e-16,2.82487519805863e-17,2.88951596204009e-18,3.53592360185463e-19
39000000,2.72604539854709e-16,2.73259261240979e-17,2.79806475103673e-18,3.45278613730611e-19
40000000,2.63670778401915e-16,2.64333540977611e-17,2.7096116673457e-18,3.37237424304154e-19
41000000,2.55029900486907e-16,2.55700440630483e-17,2.62405842066245e-18,3.29459856423859e-19
42000000,2.46672304245212e-16,2.47350366977665e-17,2.5413099430219e-18,3.21937267547446e-19
43000000,2.38588702598917e-16,2.39274041300448e-17,2.46127428315759e-18,3.14661298468872e-19
44000000,2.30770112936737e-16,2.31462489072708e-17,2.38386250432413e-18,3.07623864029467e-19
45000000,2.23207847132415e-16,2.23907029988281e-17,2.30898858546946e-18,3.00817144133587e-19
46000000,2.1589350189035e-16,2.16599268315291e-17,2.23656932564703e-18,2.94233575058821e-19
47000000,2.08818949407741e-16,2.0953108356669e-17,2.16652425156179e-18,2.87865841051072e-19
48000000,2.01976328342856e-16,2.02694621476661e-17,2.09877552814709e-18,2.8170686619519e-19
49000000,1.95358035079402e-16,1.9608228527285e-17,2.03324787207329e-18,2.75749806552117e-19
50000000,1.88956715277278e-16,1.89686727234724e-17,1.96986846809186e-18,2.69988042553806e-19
51000000,1.82765255700329e-16,1.83500840528682e-17,1.90856688812207e-18,2.64415171647461e-19
52000000,1.76776776312021e-16,1.7751775131084e-17,1.84927501299031e-18,2.59025001180937e-19
53000000,1.70984622630245e-16,1.71730811088723e-17,1.7919269567351e-18,2.53811541521372e-19
54000000,1.65382358332764e-16,1.66133589333365e-17,1.73645899339371e-18,2.48768999399428e-19
55000000,1.59963758105086e-16,1.60719866333614e-17,1.68280948618897e-18,2.43891771471725e-19
56000000,1.547228007228e-16,1.55483626284706e-17,1.63091881903762e-18,2.39174438094329e-19
57000000,1.49653662360713e-16,1.50419050603412e-17,1.58072933030409e-18,2.34611757300372e-19
58000000,1.44750710121331e-16,1.45520511462356e-17,1.53218524872605e-18,2.30198658975096e-19
59000000,1.40008495775507e-16,1.40782565536285e-17,1.48523263144066e-18,2.25930239221878e-19
60000000,1.35421749708289e-16,1.36199947953376e-17,1.43981930404247e-18,2.21801754912951e-19
61000000,1.30985375063253e-16,1.31767566444835e-17,1.39589480260647e-18,2.1780861841877e-19
62000000,1.26694442078805e-16,1.27480495686294e-17,1.35341031761193e-18,2.13946392510175e-19
63000000,1.22544182610157e-16,1.23333971824729e-17,1.31231863970452e-18,2.10210785427684e-19
64000000,1.18529984830902e-16,1.1932338718479e-17,1.27257410723666e-18,2.06597646112423e-19
65000000,1.14647388108288e-16,1.15444285148695e-17,1.23413255552761e-18,2.03102959593419e-19
66000000,1.10892078046498e-16,1.11692355203972e-17,1.19695126778711e-18,1.997228425261e-19
67000000,1.07259881692432e-16,1.08063428153554e-17,1.16098892764784e-18,1.96453538877076e-19
68000000,1.03746762898667e-16,1.04553471482916e-17,1.12620557325413e-18,1.93291415750375e-19
69000000,1.00348817838431e-16,1.01158584879081e-17,1.09256255285576e-18,1.90232959350523e-19
70000000,9.70622706676186e-17,9.78749958965406e-18,1.06002248185761e-18,1.87274771077965e-19
71000000,9.38834693290149e-17,9.46990557652624e-18,1.02854920127738e-18,1.84413563752489e-19
72000000,9.08088814940836e-17,9.16272353361231e-18,9.98107737565184e-19,1.81646157960471e-19
73000000,8.78350906377919e-17,8.865612115927e-18,9.68664263740514e-19,1.78969478521865e-19
74000000,8.49587922421204e-17,8.57824116910474e-18,9.40186061803172e-19,1.76380551073016e-19
75000000,8.21767901240364e-17,8.30029136252749e-18,9.12641486376598e-19,1.73876498761509e-19
76000000,7.94859928838505e-17,8.03145383448011e-18,8.85999929543074e-19,1.7145453904937e-19
77000000,7.68834104700101e-17,7.77142984893891e-18,8.60231786831784e-19,1.69111980621071e-19
78000000,7.43661508565125e-17,7.51993046361195e-18,8.35308424321906e-19,1.668462203929e-19
79000000,7.19314168292444e-17,7.2766762088624e-18,8.11202146824202e-19,1.64654740620382e-19
80000000,6.95765028776793e-17,7.04139677715787e-18,7.87886167105735e-19,1.62535106100521e-19
81000000,6.72987921884758e-17,6.813830722701e-18,7.65334576123523e-19,1.60484961465775e-19
82000000,6.50957537376382e-17,6.59372517090715e-18,7.43522314234042e-19,1.58502028566731e-19
83000000,6.29649394780072e-17,6.38083553740666e-18,7.22425143346606e-19,1.56584103940601e-19
84000000,6.09039816189555e-17,6.17492525625928e-18,7.02019619989658e-19,1.54729056362696e-19
85000000,5.89105899952656e-17,5.97576551707875e-18,6.82283069260056e-19,1.52934824478187e-19
86000000,5.69825495222669e-17,5.78313501077554e-18,6.63193559626405e-19,1.51199414511491e-19
87000000,5.51177177344016e-17,5.59681968363508e-18,6.44729878558432e-19,1.49520898050766e-19
88000000,5.33140224044876e-17,5.41661249945826e-18,6.26871508955323e-19,1.47897409905029e-19
89000000,5.15694592410306e-17,5.24231320949991e-18,6.09598606346838e-19,1.46327146031531e-19
90000000,4.98820896610272e-17,5.07372812994961e-18,5.92891976841853e-19,1.44808361531078e-19
91000000,4.82500386357843e-17,4.91066992670752e-18,5.76733055799844e-19,1.43339368709077e-19
92000000,4.66714926073612e-17,4.7529574072161e-18,5.61103887201596e-19,1.41918535200145e-19
93000000,4.51446974733184e-17,4.60041531911642e-18,5.45987103696222e-19,1.40544282154202e-19
94000000,4.36679566375347e-17,4.45287415550527e-18,5.31365907302324e-19,1.39215082482029e-19
95000000,4.22396291249255e-17,4.31016996657671e-18,5.17224050741837e-19,1.37929459158349e-19
96000000,4.08581277579684e-17,4.17214417743878e-18,5.03545819385826e-19,1.3668598358053e-19
97000000,3.95219173930096e-17,4.03864341190285e-18,4.90316013792174e-19,1.35483273981107e-19
98000000,3.82295132143905e-17,3.90951932204982e-18,4.77519932815747e-19,1.34319993892341e-19
99000000,3.69794790844999e-17,3.78462842338388e-18,4.65143357272276e-19,1.33194850661116e-19
100000000,3.57704259479177e-17,3.66383193539051e-18,4.53172534137799e-19,1.32106594012527e-19
101000000,3.46010102878771e-17,3.54699562732165e-18,4.4159416126611e-19,1.31054014660555e-19
102000000,3.34699326333301e-17,3.43398966903657e-18,4.30395372607228e-19,1.30035942964293e-19
103000000,3.23759361149567e-17,3.32468848673285e-18,4.19563723910463e-19,1.29051247628224e-19
104000000,3.13178050685148e-17,3.21897062340697e-18,4.09087178896186e-19,1.28098834445108e-19
105000000,3.02943636839763e-17,3.11671860388962e-18,3.98954095880953e-19,1.27177645080087e-19
106000000,2.9304474698951e-17,3.01781880430564e-18,3.89153214841099e-19,1.26286655894645e-19
107000000,2.83470381349448e-17,2.92216132581357e-18,3.79673644900444e-19,1.25424876809131e-19
108000000,2.74209900750478e-17,2.82963987248453e-18,3.70504852228196e-19,1.24591350202563e-19
109000000,2.65253014816954e-17,2.74015163318468e-18,3.61636648333617e-19,1.23785149848511e-19
110000000,2.56589770531868e-17,2.65359716733009e-18,3.53059178744423e-19,1.23005379885857e-19
111000000,2.48210541176924e-17,2.5698802943869e-18,3.4476291205636e-19,1.22251173823305e-19
112000000,2.4010601563519e-17,2.48890798699425e-18,3.36738629341773e-19,1.21521693576525e-19
113000000,2.32267188044458e-17,2.4105902675909e-18,3.28977413905404e-19,1.20816128536855e-19
114000000,2.246853477898e-17,2.33484010843094e-18,3.21470641376039e-19,1.20133694670549e-19
115000000,2.17352069824211e-17,2.26157333487736e-18,3.14209970122982e-19,1.19473633647544e-19
116000000,2.10259205306584e-17,2.19070853186596e-18,3.07187331986717e-19,1.18835211998792e-19
117000000,2.03398872546598e-17,2.12216695343586e-18,3.00394923313464e-19,1.18217720301224e-19
118000000,1.96763448246475e-17,2.05587243522581e-18,2.93825196283639e-19,1.17620472389422e-19
119000000,1.90345559029867e-17,1.99175130983935e-18,2.8747085052462e-19,1.17042804593147e-19
120000000,1.84138073248453e-17,1.92973232498454e-18,2.81324824998468e-19,1.16484074999861e-19
121000000,1.78134093057157e-17,1.86974656429743e-18,2.75380290155601e-19,1.15943662741418e-19
122000000,1.7232694674916e-17,1.81172737076118e-18,2.69630640345703e-19,1.15420967304155e-19
123000000,1.66710181342211e-17,1.75561027263595e-18,2.64069486477436e-19,1.14915407861585e-19
124000000,1.61277555407979e-17,1.70133291181689e-18,2.58690648918791e-19,1.14426422628981e-19
125000000,1.56023032136494e-17,1.64883497454103e-18,2.53488150630192e-19,1.13953468239108e-19
126000000,1.50940772627957e-17,1.59805812436572e-18,2.48456210522729e-19,1.1349601913843e-19
127000000,1.46025129404471e-17,1.5489459373444e-18,2.4358923703413e-19,1.13053567003103e-19
128000000,1.41270640134491e-17,1.5014438393275e-18,2.38881821915338e-19,1.12625620174122e-19
129000000,1.36672021562997e-17,1.45549904531887e-18,2.34328734220789e-19,1.12211703110981e-19
130000000,1.32224163640673e-17,1.4110605008204e-18,2.29924914495716e-19,1.11811355863247e-19
131000000,1.27922123845544e-17,1.3680788250995e-18,2.25665469154004e-19,1.11424133559455e-19
132000000,1.23761121690781e-17,1.32650625631654e-18,2.21545665040378e-19,1.11049605912762e-19
133000000,1.19736533412555e-17,1.28629659845126e-18,2.17560924170846e-19,1.10687356742804e-19
134000000,1.15843886832042e-17,1.2474051699691e-18,2.13706818645587e-19,1.10336983513235e-19
135000000,1.12078856385885e-17,1.20978875417041e-18,2.09979065728599e-19,1.09998096884418e-19
136000000,1.08437258319556e-17,1.17340555116748e-18,2.0637352308867e-19,1.09670320280788e-19
137000000,1.04915046038319e-17,1.13821513143595e-18,2.02886184196356e-19,1.09353289472396e-19
138000000,1.01508305610591e-17,1.1041783908889e-18,1.99513173871873e-19,1.0904665217017e-19
139000000,9.82132514187297e-18,1.07125750742385e-18,1.9625074397894e-19,1.08750067634449e-19
140000000,9.50262219524006e-18,1.03941589889437e-18,1.93095269259803e-19,1.08463206296346e-19
141000000,9.19436757398565e-18,1.00861818245941e-18,1.90043243306789e-19,1.08185749391526e-19
142000000,8.8962187412604e-18,9.7883013526544e-19,1.87091274665945e-19,1.07917388605995e-19
143000000,8.60784438990862e-18,9.50018656417513e-19,1.84236083068402e-19,1.07657825733491e-19
144000000,8.32892407431513e-18,9.22151730197101e-19,1.81474495785298e-19,1.07406772344118e-19
145000000,8.05914785432158e-18,8.95198390485774e-19,1.78803444102194e-19,1.07163949463836e-19
146000000,7.79821595081664e-18,8.69128686355218e-19,1.76219959909076e-19,1.06929087264461e-19
147000000,7.54583841261725e-18,8.43913648785341e-19,1.73721172402151e-19,1.06701924763832e-19
148000000,7.30173479427078e-18,8.19525258473498e-19,1.7130430489377e-19,1.06482209535797e-19
149000000,7.06563384442017e-18,7.95936414699045e-19,1.68966671726932e-19,1.06269697429721e-19
150000000,6.83727320438556e-18,7.73120905208638e-19,1.66705675290946e-19,1.06064152299177e-19
151000000,6.61639911662771e-18,7.51053377088817e-19,1.64518803134928e-19,1.05865345739539e-19
152000000,6.40276614276904e-18,7.29709308593486e-19,1.62403625175931e-19,1.05673056834176e-19
153000000,6.19613689085909e-18,7.09064981895012e-19,1.60357790998605e-19,1.05487071908964e-19
154000000,5.99628175158122e-18,6.89097456728637e-19,1.58379027243378e-19,1.05307184294853e-19
155000000,5.8029786431076e-18,6.69784544900939e-19,1.56465135080273e-19,1.05133194098207e-19
156000000,5.6160127643187e-18,6.51104785634001e-19,1.54613987765532e-19,1.04964907978685e-19
157000000,5.4351763561133e-18,6.3303742171789e-19,1.52823528278349e-19,1.04802138934395e-19
158000000,5.2602684705437e-18,6.1556237644496e-19,1.51091767035086e-19,1.04644706094099e-19
159000000,5.09109474751953e-18,5.98660231300331e-19,1.49416779678411e-19,1.04492434516219e-19
160000000,4.92746719883206e-18,5.82312204383761e-19,1.47796704938931e-19,1.04345154994448e-19
161000000,4.76920399925914e-18,5.66500129538942e-19,1.46229742566922e-19,1.0420270386972e-19
162000000,4.61612928451841e-18,5.51206436167005e-19,1.44714151331865e-19,1.04064922848351e-19
163000000,4.46807295584448e-18,5.36414129701834e-19,1.43248247087569e-19,1.03931658826143e-19
164000000,4.32487049097281e-18,5.22106772725456e-19,1.41830400900721e-19,1.03802763718247e-19
165000000,4.18636276132022e-18,5.0826846670256e-19,1.40459037240794e-19,1.03678094294618e-19
166000000,4.05239585515903e-18,4.94883834313818e-19,1.39132632229297e-19,1.03557512020845e-19
167000000,3.92282090658816e-18,4.81938002368394e-19,1.37849711946417e-19,1.0344088290422e-19
168000000,3.79749393011128e-18,4.69416585276645e-19,1.36608850793181e-19,1.03328077344835e-19
169000000,3.67627566063812e-18,4.57305669064655e-19,1.35408669907308e-19,1.03218969991573e-19
170000000,3.55903139873111e-18,4.45591795912829e-19,1.34247835631001e-19,1.03113439602818e-19
171000000,3.44563086092553e-18,4.3426194920138e-19,1.33125058028966e-19,1.03011368911724e-19
172000000,3.33594803495664e-18,4.23303539046073e-19,1.32039089455016e-19,1.02912644495911e-19
173000000,3.22986103973317e-18,4.12704388308175e-19,1.30988723165675e-19,1.02817156651425e-19
174000000,3.12725198990128e-18,4.02452719063044e-19,1.29972791979221e-19,1.02724799270838e-19
175000000,3.02800686484871e-18,3.92537139512337e-19,1.289901669787e-19,1.02635469725336e-19
176000000,2.93201538200351e-18,3.82946631325283e-19,1.28039756257461e-19,1.02549068750678e-19
177000000,2.83917087428649e-18,3.7367053739496e-19,1.27120503705807e-19,1.02465500336892e-19
178000000,2.74937017158127e-18,3.64698549995968e-19,1.26231387837438e-19,1.02384671621585e-19
179000000,2.66251348609018e-18,3.56020699330342e-19,1.25371420654358e-19,1.0230649278676e-19
180000000,2.57850430144869e-18,3.47627342448969e-19,1.24539646548997e-19,1.02230876959e-19
181000000,2.49724926547508e-18,3.39509152536214e-19,1.23735141242328e-19,1.02157740112939e-19
182000000,2.41865808643616e-18,3.31657108545827e-19,1.22957010756794e-19,1.0208700097789e-19
183000000,2.34264343271385e-18,3.24062485176632e-19,1.22204390422909e-19,1.02018580947537e-19
184000000,2.26912083576107e-18,3.16716843176849e-19,1.21476443918426e-19,1.01952403992584e-19
185000000,2.19800859623909e-18,3.09612019966282e-19,1.20772362339001e-19,1.01888396576273e-19
186000000,2.1292276932321e-18,3.02740120565944e-19,1.20091363299328e-19,1.01826487572666e-19
187000000,2.06270169643805e-18,2.96093508825044e-19,1.19432690063743e-19,1.01766608187613e-19
188000000,1.99835668123823e-18,2.89664798935593e-19,1.18795610705329e-19,1.01708691882303e-19
189000000,1.9361211465512e-18,2.83446847225188e-19,1.18179417292586e-19,1.01652674299326e-19
190000000,1.87592593537981e-18,2.77432744218864e-19,1.1758342510277e-19,1.01598493191161e-19
191000000,1.81770415796291e-18,2.71615806961191e-19,1.17006971861019e-19,1.01546088351002e-19
192000000,1.76139111744662e-18,2.65989571590076e-19,1.16449417004422e-19,1.01495401545857e-19
193000000,1.70692423799216e-18,2.60547786154032e-19,1.15910140970219e-19,1.01446376451838e-19
194000000,1.6542429952408e-18,2.55284403664922e-19,1.15388544507335e-19,1.01398958591576e-19
195000000,1.60328884905827e-18,2.50193575378459e-19,1.14884048010478e-19,1.0135309527368e-19
196000000,1.55400517848423e-18,2.45269644295004e-19,1.14396090876081e-19,1.01308735534189e-19
197000000,1.50633721881416e-18,2.40507138873422e-19,1.13924130879348e-19,1.01265830079941e-19
198000000,1.46023200074414e-18,2.35900766951035e-19,1.13467643571724e-19,1.01224331233793e-19
199000000,1.41563829151058e-18,2.31445409862893e-19,1.13026121698125e-19,1.01184192881648e-19
200000000,1.37250653795967e-18,2.27136116753847e-19,1.12599074633264e-19,1.01145370421206e-19
201000000,1.33078881148321e-18,2.22968099077081e-19,1.12186027836467e-19,1.01107820712406e-19
202000000,1.29043875475968e-18,2.18936725273019e-19,1.11786522324353e-19,1.01071502029487e-19
203000000,1.25141153024131e-18,2.15037515622669e-19,1.11400114160805e-19,1.01036374014619e-19
204000000,1.21366377033002e-18,2.11266137269696e-19,1.11026373963664e-19,1.0100239763306e-19
205000000,1.17715352918669e-18,2.07618399405691e-19,1.10664886427591e-19,1.00969535129781e-19
206000000,1.14184023612038e-18,2.04090248613287e-19,1.10315249862578e-19,1.00937749987507e-19
207000000,1.10768465050561e-18,2.00677764361946e-19,1.0997707574758e-19,1.00907006886144e-19
208000000,1.07464881817761e-18,1.97377154651408e-19,1.09649988298788e-19,1.00877271663526e-19
209000000,1.04269602925714e-18,1.94184751797968e-19,1.09333624052051e-19,1.00848511277459e-19
210000000,1.01179077735796e-18,1.91097008358896e-19,1.0902763145899e-19,1.00820693768999e-19
211000000,9.81898720131624e-19,1.88110493190468e-19,1.08731670496353e-19,1.00793788226941e-19
212000000,9.52986641105781e-19,1.85221887635231e-19,1.08445412288176e-19,1.00767764753471e-19
213000000,9.25022412773578e-19,1.82427981834264e-19,1.08168538740332e-19,1.00742594430939e-19
214000000,8.97974960893115e-19,1.79725671160338e-19,1.07900742187061e-19,1.00718249289733e-19
215000000,8.7181422995732e-19,1.77111952768013e-19,1.07641725049082e-19,1.00694702277189e-19
216000000,8.46511149795842e-19,1.7458392225683e-19,1.07391199502929e-19,1.00671927227539e-19
217000000,8.22037603271873e-19,1.72138770443904e-19,1.07148887161108e-19,1.00649898832828e-19
218000000,7.98366395037994e-19,1.6977378024232e-19,1.06914518762752e-19,1.00628592614796e-19
219000000,7.75471221316325e-19,1.67486323641865e-19,1.06687833874419e-19,1.00607984897674e-19
220000000,7.53326640669394e-19,1.65273858788751e-19,1.06468580600687e-19,1.00588052781881e-19
221000000,7.3190804572926e-19,1.63133927161069e-19,1.0625651530425e-19,1.00568774118568e-19
222000000,7.11191635853459e-19,1.61064150836844e-19,1.06051402335183e-19,1.00550127485017e-19
223000000,6.91154390677401e-19,1.59062229851658e-19,1.05853013769083e-19,1.00532092160826e-19
224000000,6.71774044533812e-19,1.57125939642892e-19,1.056611291538e-19,1.00514648104891e-19
225000000,6.53029061710819e-19,1.55253128577769e-19,1.05475535264464e-19,1.00497775933133e-19
226000000,6.34898612521161e-19,1.5344171556242e-19,1.05296025866546e-19,1.00481456896959e-19
227000000,6.17362550155953e-19,1.51689687729353e-19,1.05122401486693e-19,1.00465672862427e-19
228000000,6.00401388297267e-19,1.49995098200717e-19,1.04954469191062e-19,1.00450406290097e-19
229000000,5.83996279464664e-19,1.48356063924912e-19,1.04792042370937e-19,1.0043564021554e-19
230000000,5.68128994071612e-19,1.46770763584112e-19,1.04634940535362e-19,1.00421358230488e-19
231000000,5.52781900168508e-19,1.45237435570391e-19,1.04482989110579e-19,1.00407544464598e-19
232000000,5.37937943849818e-19,1.437543760282e-19,1.04336019246038e-19,1.00394183567822e-19
233000000,5.23580630303528e-19,1.42319936961019e-19,1.04193867626768e-19,1.00381260693343e-19
234000000,5.09694005481889e-19,1.40932524400081e-19,1.040563762919e-19,1.00368761481082e-19
235000000,4.96262638373046e-19,1.39590596633131e-19,1.03923392459139e-19,1.0035667204174e-19
236000000,4.83271603853889e-19,1.38292662491253e-19,1.03794768354989e-19,1.00344978941363e-19
237000000,4.70706466105042e-19,1.37037279691863e-19,1.03670361050545e-19,1.00333669186413e-19
238000000,4.58553262569584e-19,1.35823053236025e-19,1.03550032302669e-19,1.00322730209334e-19
239000000,4.46798488437654e-19,1.34648633858307e-19,1.03433648400373e-19,1.00312149854579e-19
240000000,4.35429081639722e-19,1.33512716527461e-19,1.03321080016235e-19,1.00301916365112e-19
241000000,4.24432408331832e-19,1.3241403899625e-19,1.03212202062691e-19,1.00292018369336e-19
242000000,4.137962488567e-19,1.31351380398824e-19,1.03106893553037e-19,1.00282444868458e-19
243000000,4.03508784165059e-19,1.30323559894079e-19,1.03005037466981e-19,1.00273185224271e-19
244000000,3.93558582682163e-19,1.29329435353483e-19,1.02906520620615e-19,1.00264229147329e-19
245000000,3.83934587604866e-19,1.28367902091935e-19,1.02811233540642e-19,1.00255566685513e-19
246000000,3.74626104615145e-19,1.27437891640217e-19,1.02719070342724e-19,1.00247188212975e-19
247000000,3.65622789996424e-19,1.26538370557699e-19,1.02629928613826e-19,1.00239084419439e-19
248000000,3.56914639139492e-19,1.25668339283964e-19,1.02543709298411e-19,1.00231246299856e-19
249000000,3.48491975425241e-19,1.24826831028084e-19,1.02460316588369e-19,1.00223665144397e-19
250000000,3.40345439471872e-19,1.24012910694309e-19,1.02379657816553e-19,1.00216332528778e-19
251000000,3.32465978734618e-19,1.23225673842973e-19,1.02301643353808e-19,1.00209240304892e-19
252000000,3.2484483744643e-19,1.22464245685467e-19,1.02226186509371e-19,1.00202380591761e-19
253000000,3.17473546888447e-19,1.21727780112167e-19,1.02153203434539e-19,1.00195745766776e-19
254000000,3.10343915979434e-19,1.21015458752221e-19,1.02082613029499e-19,1.00189328457227e-19
255000000,3.03448022173743e-19,1.20326490064163e-19,1.02014336853205e-19,1.0018312153211e-19
256000000,2.96778202657665e-19,1.19660108456346e-19,1.01948299036215e-19,1.00177118094201e-19
257000000,2.90327045834404e-19,1.19015573436201e-19,1.0188442619638e-19,1.00171311472398e-19
258000000,2.84087383088212e-19,1.18392168787391e-19,1.01822647357309e-19,1.00165695214301e-19
259000000,2.78052280818518e-19,1.17789201773947e-19,1.0176289386949e-19,1.00160263079045e-19
260000000,2.72215032735214e-19,1.17206002370485e-19,1.01705099334012e-19,1.00155009030365e-19
261000000,2.66569152406535e-19,1.16641922517665e-19,1.01649199528778e-19,1.00149927229889e-19
262000000,2.61108366051241e-19,1.16096335402059e-19,1.01595132337141e-19,1.00145012030649e-19
263000000,2.55826605567109e-19,1.1556863475963e-19,1.01542837678882e-19,1.00140257970807e-19
264000000,2.50718001787967e-19,1.15058234202038e-19,1.01492257443445e-19,1.00135659767586e-19
265000000,2.45776877961797e-19,1.1456456656504e-19,1.01443335425364e-19,1.00131212311397e-19
266000000,2.40997743442651e-19,1.14087083278249e-19,1.01396017261808e-19,1.00126910660164e-19
267000000,2.36375287589363e-19,1.13625253755553e-19,1.01350250372172e-19,1.00122750033834e-19
268000000,2.31904373864296e-19,1.13178564805524e-19,1.01305983899646e-19,1.00118725809059e-19
269000000,2.27580034125545e-19,1.12746520061148e-19,1.01263168654708e-19,1.00114833514064e-19
270000000,2.23397463106271e-19,1.12328639428259e-19,1.01221757060458e-19,1.00111068823678e-19
271000000,2.1935201307502e-19,1.1192445855205e-19,1.01181703099753e-19,1.00107427554523e-19
272000000,2.15439188671098e-19,1.11533528301073e-19,1.0114296226407e-19,1.0010390566037e-19
273000000,2.11654641909266e-19,1.11155414268162e-19,1.01105491504052e-19,1.00100499227641e-19
274000000,2.07994167348195e-19,1.10789696287713e-19,1.01069249181665e-19,1.0009720447106e-19
275000000,2.04453697417322e-19,1.10435967968787e-19,1.01034195023934e-19,1.00094017729449e-19
276000000,2.0102929789691e-19,1.10093836243526e-19,1.01000290078187e-19,1.00090935461653e-19
277000000,1.97717163546284e-19,1.09762920930367e-19,1.00967496668775e-19,1.00087954242616e-19
278000000,1.94513613875399e-19,1.09442854311584e-19,1.00935778355202e-19,1.00085070759564e-19
279000000,1.91415089055025e-19,1.0913328072467e-19,1.00905099891634e-19,1.0008228180833e-19
280000000,1.88418145961017e-19,1.08833856167122e-19,1.00875427187733e-19,1.00079584289794e-19
281000000,1.85519454348264e-19,1.08544247914183e-19,1.00846727270775e-19,1.00076975206434e-19
282000000,1.82715793150077e-19,1.08264134149108e-19,1.00818968249011e-19,1.00074451659001e-19
283000000,1.80004046898893e-19,1.0799320360556e-19,1.00792119276227e-19,1.00072010843293e-19
284000000,1.77381202264327e-19,1.07731155221728e-19,1.00766150517469e-19,1.00069650047043e-19
285000000,1.74844344704712e-19,1.07477697805781e-19,1.00741033115888e-19,1.00067366646899e-19
286000000,1.72390655228422e-19,1.07232549712291e-19,1.00716739160677e-19,1.00065158105516e-19
287000000,1.70017407261372e-19,1.06995438529264e-19,1.00693241656053e-19,1.00063021968732e-19
288000000,1.67721963617205e-19,1.06766100775436e-19,1.00670514491259e-19,1.00060955862842e-19
289000000,1.65501773566817e-19,1.06544281607486e-19,1.00648532411553e-19,1.00058957491959e-19
290000000,1.63354370003952e-19,1.06329734536849e-19,1.00627270990138e-19,1.00057024635467e-19
291000000,1.61277366703717e-19,1.06122221155817e-19,1.00606706601027e-19,1.00055155145548e-19
292000000,1.59268455670975e-19,1.05921510872618e-19,1.00586816392782e-19,1.00053346944798e-19
293000000,1.57325404575671e-19,1.05727380655175e-19,1.00567578263125e-19,1.0005159802392e-19
294000000,1.55446054272234e-19,1.05539614783274e-19,1.00548970834379e-19,1.00049906439489e-19
295000000,1.53628316400304e-19,1.05358004608851e-19,1.00530973429706e-19,1.00048270311791e-19
296000000,1.51870171064117e-19,1.05182348324138e-19,1.0051356605014e-19,1.0004668782274e-19
297000000,1.5016966458797e-19,1.05012450737412e-19,1.00496729352356e-19,1.00045157213851e-19
298000000,1.48524907345266e-19,1.04848123056098e-19,1.00480444627181e-19,1.00043676784289e-19
299000000,1.46934071658739e-19,1.04689182676976e-19,1.00464693778799e-19,1.00042244888982e-19
300000000,1.45395389769509e-19,1.04535452983272e-19,1.00449459304649e-19,1.00040859936786e-19
301000000,1.43907151872725e-19,1.043867631484e-19,1.00434724275968e-19,1.00039520388724e-19
302000000,1.42467704217608e-19,1.04242947946134e-19,1.00420472318986e-19,1.00038224756271e-19
303000000,1.41075447269778e-19,1.04103847567008e-19,1.0040668759673e-19,1.00036971599703e-19
304000000,1.39728833933829e-19,1.03969307440734e-19,1.00393354791424e-19,1.00035759526493e-19
305000000,1.38426367834175e-19,1.03839178064441e-19,1.00380459087467e-19,1.0003458718977e-19
306000000,1.37166601652258e-19,1.03713314836544e-19,1.00367986154973e-19,1.00033453286816e-19
307000000,1.35948135518265e-19,1.03591577896064e-19,1.00355922133844e-19,1.00032356557622e-19
308000000,1.34769615455575e-19,1.03473831967209e-19,1.00344253618372e-19,1.00031295783488e-19
309000000,1.336297318762e-19,1.03359946209053e-19,1.00332967642339e-19,1.00030269785667e-19
310000000,1.32527218125554e-19,1.0324979407015e-19,1.00322051664609e-19,1.00029277424055e-19
311000000,1.31460849074926e-19,1.031432531479e-19,1.00311493555197e-19,1.00028317595927e-19
312000000,1.30429439760103e-19,1.0304020505254e-19,1.00301281581783e-19,1.00027389234708e-19
313000000,1.29431844064619e-19,1.02940535275583e-19,1.00291404396679e-19,1.00026491308789e-19
314000000,1.28466953446175e-19,1.02844133062579e-19,1.0028185102422e-19,1.00025622820384e-19
315000000,1.27533695704812e-19,1.0275089129004e-19,1.00272610848562e-19,1.00024782804415e-19
316000000,1.26631033791467e-19,1.02660706346402e-19,1.00263673601896e-19,1.00023970327445e-19
317000000,1.25757964655587e-19,1.02573478016895e-19,1.00255029353026e-19,1.00023184486639e-19
318000000,1.2491351813053e-19,1.02489109372177e-19,1.00246668496342e-19,1.00022424408758e-19
319000000,1.24096755855499e-19,1.0240750666063e-19,1.00238581741144e-19,1.00021689249195e-19
320000000,1.23306770232823e-19,1.02328579204179e-19,1.00230760101315e-19,1.00020978191029e-19
321000000,1.22542683419421e-19,1.0225223929753e-19,1.00223194885341e-19,1.00020290444122e-19
322000000,1.21803646351333e-19,1.02178402110709e-19,1.00215877686647e-19,1.00019625244241e-19
323000000,1.21088837800225e-19,1.02106985594802e-19,1.0020880037426e-19,1.00018981852205e-19
324000000,1.20397463460831e-19,1.02037910390776e-19,1.00201955083771e-19,1.0001835955307e-19
325000000,1.19728755068309e-19,1.01971099741298e-19,1.00195334208597e-19,1.00017757655327e-19
326000000,1.19081969544534e-19,1.0190647940544e-19,1.0018893039153e-19,1.00017175490139e-19
327000000,1.18456388172381e-19,1.01843977576178e-19,1.00182736516558e-19,1.00016612410596e-19
328000000,1.17851315797073e-19,1.01783524800608e-19,1.00176745700961e-19,1.00016067790996e-19
329000000,1.17266080053717e-19,1.01725053902757e-19,1.00170951287661e-19,1.00015541026151e-19
330000000,1.16700030620167e-19,1.01668499908946e-19,1.00165346837823e-19,1.00015031530711e-19
331000000,1.16152538494368e-19,1.01613799975585e-19,1.00159926123707e-19,1.00014538738519e-19
332000000,1.15622995295408e-19,1.01560893319343e-19,1.00154683121737e-19,1.00014062101976e-19
333000000,1.15110812587473e-19,1.01509721149604e-19,1.00149612005817e-19,1.00013601091438e-19
334000000,1.1461542122597e-19,1.01460226603135e-19,1.00144707140851e-19,1.00013155194623e-19
335000000,1.14136270725085e-19,1.01412354680904e-19,1.00139963076486e-19,1.00012723916044e-19
336000000,1.13672828646074e-19,1.01366052186962e-19,1.0013537454105e-19,1.00012306776459e-19
337000000,1.13224580005615e-19,1.01321267669328e-19,1.00130936435699e-19,1.00011903312336e-19
338000000,1.12791026703543e-19,1.0127795136282e-19,1.00126643828748e-19,1.00011513075341e-19
339000000,1.12371686969362e-19,1.01236055133753e-19,1.00122491950192e-19,1.00011135631836e-19
340000000,1.1196609482689e-19,1.01195532426449e-19,1.00118476186405e-19,1.000107705624e-19
341000000,1.11573799576463e-19,1.0115633821151e-19,1.00114592075014e-19,1.00010417461365e-19
342000000,1.11194365294107e-19,1.01118428935775e-19,1.00110835299942e-19,1.00010075936358e-19
343000000,1.10827370347137e-19,1.01081762473926e-19,1.00107201686605e-19,1.00009745607873e-19
344000000,1.10472406925632e-19,1.01046298081679e-19,1.00103687197283e-19,1.00009426108844e-19
345000000,1.10129080589271e-19,1.01011996350503e-19,1.00100287926626e-19,1.00009117084239e-19
346000000,1.09797009829023e-19,1.00978819163836e-19,1.00097000097317e-19,1.00008818190665e-19
347000000,1.09475825643211e-19,1.00946729654722e-19,1.00093820055873e-19,1.00008529095988e-19
348000000,1.09165171127474e-19,1.00915692164851e-19,1.00090744268589e-19,1.00008249478963e-19
349000000,1.08864701078166e-19,1.00885672204929e-19,1.00087769317606e-19,1.00007979028873e-19
350000000,1.08574081608762e-19,1.00856636416357e-19,1.00084891897116e-19,1.00007717445192e-19
351000000,1.08292989778841e-19,1.0082855253416e-19,1.00082108809691e-19,1.00007464437245e-19
352000000,1.08021113235228e-19,1.00801389351134e-19,1.00079416962725e-19,1.00007219723884e-19
353000000,1.07758149864902e-19,1.00775116683172e-19,1.00076813364999e-19,1.00006983033182e-19
354000000,1.07503807459285e-19,1.00749705335716e-19,1.00074295123359e-19,1.00006754102124e-19
355000000,1.07257803389538e-19,1.00725127071322e-19,1.000718594395e-19,1.00006532676318e-19
356000000,1.07019864292494e-19,1.00701354578278e-19,1.00069503606856e-19,1.00006318509714e-19
357000000,1.06789725766899e-19,1.00678361440257e-19,1.00067225007593e-19,1.00006111364327e-19
358000000,1.06567132079602e-19,1.00656122106963e-19,1.00065021109699e-19,1.00005911009973e-19
359000000,1.06351835881383e-19,1.00634611865737e-19,1.00062889464172e-19,1.00005717224016e-19
360000000,1.06143597932093e-19,1.00613806814097e-19,1.00060827702298e-19,1.00005529791118e-19
361000000,1.05942186834808e-19,1.00593683833181e-19,1.00058833533018e-19,1.00005348503002e-19
362000000,1.05747378778699e-19,1.00574220562048e-19,1.00056904740383e-19,1.00005173158217e-19
363000000,1.05558957290326e-19,1.00555395372841e-19,1.00055039181092e-19,1.00005003561917e-19
364000000,1.05376712993095e-19,1.00537187346745e-19,1.0005323478211e-19,1.00004839525646e-19
365000000,1.05200443374592e-19,1.00519576250747e-19,1.00051489538362e-19,1.00004680867124e-19
366000000,1.05029952561551e-19,1.0050254251515e-19,1.0004980151051e-19,1.00004527410046e-19
367000000,1.04865051102193e-19,1.0048606721183e-19,1.00048168822794e-19,1.0000437898389e-19
368000000,1.04705555755708e-19,1.00470132033199e-19,1.00046589660948e-19,1.00004235423723e-19
369000000,1.04551289288637e-19,1.00454719271862e-19,1.00045062270185e-19,1.00004096570017e-19
370000000,1.04402080277921e-19,1.00439811800944e-19,1.00043584953247e-19,1.00003962268477e-19
371000000,1.04257762920419e-19,1.00425393055055e-19,1.00042156068519e-19,1.00003832369865e-19
372000000,1.04118176848665e-19,1.00411447011883e-19,1.00040774028205e-19,1.00003706729837e-19
373000000,1.03983166952661e-19,1.00397958174388e-19,1.00039437296561e-19,1.00003585208778e-19
374000000,1.03852583207522e-19,1.00384911553587e-19,1.00038144388193e-19,1.00003467671654e-19
375000000,1.03726280506761e-19,1.00372292651891e-19,1.00036893866404e-19,1.00003353987855e-19
376000000,1.03604118501052e-19,1.00360087447e-19,1.00035684341595e-19,1.00003244031054e-19
377000000,1.03485961442262e-19,1.0034828237632e-19,1.00034514469725e-19,1.00003137679066e-19
378000000,1.03371678032616e-19,1.00336864321891e-19,1.00033382950818e-19,1.00003034813711e-19
379000000,1.03261141278787e-19,1.0032582059581e-19,1.00032288527513e-19,1.00002935320683e-19
380000000,1.0315422835079e-19,1.00315138926137e-19,1.00031229983671e-19,1.00002839089425e-19
381000000,1.03050820445481e-19,1.00304807443248e-19,1.00030206143025e-19,1.00002746013002e-19
382000000,1.02950802654549e-19,1.00294814666656e-19,1.00029215867867e-19,1.00002655987988e-19
383000000,1.02854063836824e-19,1.00285149492248e-19,1.0002825805779e-19,1.00002568914345e-19
384000000,1.0276049649478e-19,1.00275801179947e-19,1.00027331648463e-19,1.00002484695315e-19
385000000,1.02669996655075e-19,1.00266759341776e-19,1.00026435610446e-19,1.00002403237313e-19
386000000,1.02582463753022e-19,1.0025801393032e-19,1.0002556894805e-19,1.00002324449823e-19
387000000,1.02497800520834e-19,1.00249555227554e-19,1.00024730698226e-19,1.00002248245293e-19
388000000,1.02415912879543e-19,1.0024137383405e-19,1.000239199295e-19,1.00002174539045e-19
389000000,1.02336709834456e-19,1.00233460658528e-19,1.00023135740935e-19,1.00002103249176e-19
390000000,1.0226010337404e-19,1.00225806907757e-19,1.00022377261129e-19,1.00002034296466e-19
391000000,1.02186008372126e-19,1.00218404076783e-19,1.00021643647249e-19,1.00001967604295e-19
392000000,1.02114342493308e-19,1.00211243939475e-19,1.00020934084092e-19,1.00001903098554e-19
393000000,1.02045026101461e-19,1.0020431853939e-19,1.00020247783183e-19,1.00001840707562e-19
394000000,1.01977982171239e-19,1.00197620180925e-19,1.00019583981893e-19,1.0000178036199e-19
395000000,1.01913136202489e-19,1.00191141420771e-19,1.00018941942599e-19,1.00001721994782e-19
396000000,1.01850416137462e-19,1.00184875059638e-19,1.00018320951856e-19,1.00001665541078e-19
397000000,1.01789752280745e-19,1.0017881413426e-19,1.00017720319611e-19,1.00001610938146e-19
398000000,1.01731077221811e-19,1.0017295190965e-19,1.00017139378434e-19,1.00001558125312e-19
399000000,1.01674325760113e-19,1.00167281871622e-19,1.00016577482773e-19,1.00001507043888e-19
400000000,1.01619434832633e-19,1.00161797719552e-19,1.00016034008244e-19,1.00001457637113e-19
