time_s,dt_s,max_velocity_m_s,accepted,rejected,error
4080492282.46819,0.00130894462882783,2.72482918362197,100,22,0.365584069850031
4080492282.55997,0.00220314685724136,1.76823677577927,200,40,0.377578402151177
4080492282.63522,0.00150778808775032,2.44928629279234,300,62,0.349676564360765
4080492282.70902,0.000783025224522409,4.49262318015493,400,83,0.42170109628971
4080492282.78565,0.000441265812800384,9.45469773114674,500,106,0.474612931281655
4080492282.8661,0.00024624624580089,13.3557676859251,600,128,0.367670268067962
4080492282.93791,0.000944515053400132,3.28903196913722,700,148,0.383428576393417
4080492283.01212,0.00026212518833356,7.37596462325979,800,173,0.267894342153809
4080492283.0916,0.00132045677608093,6.43590692033894,900,187,0.558217805284279
4080492283.16644,0.00065371208879779,5.62554810506803,1000,204,0.438903390792134
4080492283.24577,0.000402598186599807,10.1216855798902,1100,222,0.399688775973162
4080492283.32815,0.000124153524273423,12.9372485876088,1200,245,0.207672830893596
4080492283.38339,0.000784397125244141,3.00144550011322,1289,258,0.0654222197151756
